Matera;Basilicata
Potenza;Basilicata
Catanzaro;Calabria
Cosenza;Calabria
Crotone;Calabria
Reggio Calabria;Calabria
Vibo Valentia;Calabria
Avellino;Campania
Benevento;Campania
Caserta;Campania
Napoli;Campania
Salerno;Campania
Napoli;Campania
Genova;Liguria
Imperia;Liguria
LaSpezia;Liguria
Savona;Liguria
Bergamo;Lombardia
Brescia;Lombardia
Como;Lombardia
Cremona;Lombardia
Lecco;Lombardia
Lodi;Lombardia
Mantova;Lombardia
Milano¡n;Lombardia
Monza;Lombardia
Pavia;Lombardia
Sondrio;Lombardia
Varese;Lombardia
Campobasso;Molise
Isernia;Molise
Agrigento;Sicilia
Caltanissetta;Sicilia
Catania;Sicilia
Enna;Sicilia
Messina;Sicilia
Palermo;Sicilia
Ragusa;Sicilia
Siracusa;Sicilia
Trapani;Sicilia
Perugia;Umbria
Terni;Umbria
Bari;Puglia
Barletta-Andria-Trani;Puglia
Brindisi;Puglia
Foggia;Puglia
Lecce;Puglia
Taranto;Puglia
Gorizia;Friuli-Venezia Giulia
Pordenone;Friuli-Venezia Giulia
Trieste;Friuli-Venezia Giulia
Udine;Friuli-Venezia Giulia
Frosinone;Lazio
Viterbo;Lazio
Roma;Lazio
Rieti;Lazio
Latina;Lazio
Alessandria;Piemonte
Asti;Piemonte
Biella;Piemonte
Cuneo;Piemonte
Novara;Piemonte
Verbano-Cusio-Ossola;Piemonte
Vercelli;Piemonte
Torino;Piemonte
Ancona;Marche
Ascoli-Piceno;Marche
Fermo;Marche
Macerata;Marche
Pesaro e Urbino;Marche
Bolzano;Trentino-Alto Adige
Trento;Trentino-Alto Adige
Arezzo;Toscana
Firenze;Toscana
Grosseto;Toscana
Livorno;Toscana
Lucca;Toscana
Massa-Carrara;Toscana
Pisa;Toscana
Pistoia;Toscana
Prato;Toscana
Siena;Toscana
Chieti;Abruzzo
L'Aquila;Abruzzo
Pescara;Abruzzo
Teramo;Abruzzo
Belluno;Veneto
Padova;Veneto
Rovigo;Veneto
Treviso;Veneto
Venezia;Veneto
Verona;Veneto
Vicenza;Veneto
Bologna;Emilia Romagna
Modena;Emilia Romagna
Ravenna;Emilia Romagna
Ferrara;Emilia Romagna
Parma;Emilia Romagna
Reggio Emilia;Emilia Romagna
Rimini;Emilia Romagna
Piacenza;Emilia Romagna
Forlì-Cesena;Emilia Romagna
Genova;Liguria
Imperia;Liguria
La Spezia;Liguria
Savona;Liguria
Cagliari;Sardegna
Carbonia-Iglesias;Sardegna
Nuoro;Sardegna
Olbia-Tempio;Sardegna
Oristano;Sardegna
Media-Campidano;Sardegna
Sassari;Sardegna
Ogliastra;Sardegna
Aosta;Val d’Aosta